{
  "project_info": {
    "project_number": "35992632728",
    "project_id": "sewy-c8939",
    "storage_bucket": "sewy-c8939.appspot.com"
  },
  "client": [
    {
      "client_info": {
        "mobilesdk_app_id": "1:35992632728:android:3bb4297816fdc0fe8d3fed",
        "android_client_info": {
          "package_name": "com.example.memo"
        }
      },
      "oauth_client": [
        {
          "client_id": "35992632728-oiie57uqih8hgrlci4bj6drg4543vaoc.apps.googleusercontent.com",
          "client_type": 3
        }
      ],
      "api_key": [
        {
          "current_key": "AIzaSyAxTZahHBLEbuGFjK6f67BYGVOP7cFUFiw"
        }
      ],
      "services": {
        "appinvite_service": {
          "other_platform_oauth_client": [
            {
              "client_id": "35992632728-oiie57uqih8hgrlci4bj6drg4543vaoc.apps.googleusercontent.com",
              "client_type": 3
            }
          ]
        }
      }
    }
  ],
  "configuration_version": "1"
}